{"avg_precision": 0.32666662352421016, "avg_recall": 0.8, "avg_map50": 0.5228567837391366, "avg_map": 0.3802245586138465}